<?xml version='1.0' encoding='utf-8' standalone='yes' ?>
<map>
    <int name="launcher.home_bounce_count" value="3" />
    <boolean name="launcher.apps_view_shown" value="true" />
    <boolean name="pref_searchResultPeople" value="false" />
    <boolean name="pref_searchResultStartPageSuggestion" value="false" />
    <boolean name="themed_icons" value="false" />
    <int name="version" value="2" />
    <string name="promise_icon_ids"></string>
    <boolean name="pref_searchResultFiles" value="false" />
    <int name="migration_src_device_type" value="0" />
    <string name="migration_src_workspace_size">4,5</string>
    <float name="pref_drawerOpacity" value="0.0" />
    <boolean name="launcher.widgets_education_tip_seen" value="true" />
    <int name="migration_src_hotseat_count" value="4" />
    <string name="migration_src_db_file">launcher_5_4_4.db</string>
    <int name="launcher.all_apps_visited_count" value="20" />
</map>
